"Identificação do post","Identificação da conta","Nome de usuário da conta","Nome da conta",Descrição,"Duração (s)","Horário de publicação","Link permanente","Tipo de post","Comentário de dados",Data,Visualizações,Alcance,Curtidas,Compartilhamentos,Respostas,Navegação,"Visitas ao perfil","Toques em figurinhas",Seguimentos
17964328742994322,17841402073846050,institutolucianeprado,"Instituto Luciane Prado",,0,"10/31/2025 21:57",https://www.instagram.com/stories/institutolucianeprado/3756024798364445495,"Story do Instagram",,Total,546,375,4,0,0,485,3,,
18289185229257483,17841402073846050,institutolucianeprado,"Instituto Luciane Prado",,0,"10/31/2025 21:53",https://www.instagram.com/stories/institutolucianeprado/3756022545226273627,"Story do Instagram",,Total,544,392,16,0,6,307,,4,
18043844336475412,17841402073846050,institutolucianeprado,"Instituto Luciane Prado",,0,"10/31/2025 21:53",https://www.instagram.com/stories/institutolucianeprado/3756022539505252807,"Story do Instagram",,Total,452,401,3,0,0,420,,,
18383052445179882,17841402073846050,institutolucianeprado,"Instituto Luciane Prado",,0,"10/31/2025 21:53",https://www.instagram.com/stories/institutolucianeprado/3756022491363019196,"Story do Instagram",,Total,493,428,12,2,2,409,,,
18088258075922750,17841402073846050,institutolucianeprado,"Instituto Luciane Prado",,17,"10/31/2025 17:07",https://www.instagram.com/stories/institutolucianeprado/3755878720705027417,"Story do Instagram",,Total,485,405,3,0,0,400,3,7,
18068959262348128,17841402073846050,institutolucianeprado,"Instituto Luciane Prado",,0,"10/30/2025 17:45",https://www.instagram.com/stories/institutolucianeprado/3755173080881868199,"Story do Instagram",,Total,219,191,5,0,1,194,1,4,
17915259678212352,17841402073846050,institutolucianeprado,"Instituto Luciane Prado",,0,"10/30/2025 17:45",https://www.instagram.com/stories/institutolucianeprado/3755173043930011180,"Story do Instagram",,Total,222,196,4,0,0,209,,,
17846022294597840,17841402073846050,institutolucianeprado,"Instituto Luciane Prado",,0,"10/30/2025 17:45",https://www.instagram.com/stories/institutolucianeprado/3755173039366613027,"Story do Instagram",,Total,247,200,6,0,0,229,,,
18297645106266927,17841402073846050,institutolucianeprado,"Instituto Luciane Prado",,0,"10/30/2025 17:45",https://www.instagram.com/stories/institutolucianeprado/3755173012170743737,"Story do Instagram",,Total,253,202,4,0,0,204,1,,
17842702257606285,17841402073846050,institutolucianeprado,"Instituto Luciane Prado",,0,"10/30/2025 17:45",https://www.instagram.com/stories/institutolucianeprado/3755172993346762791,"Story do Instagram",,Total,244,207,8,0,3,221,,2,
18290008429274184,17841402073846050,institutolucianeprado,"Instituto Luciane Prado",,0,"10/30/2025 17:45",https://www.instagram.com/stories/institutolucianeprado/3755172936656532302,"Story do Instagram",,Total,250,209,5,0,1,241,,,
18046156979422455,17841402073846050,institutolucianeprado,"Instituto Luciane Prado",,0,"10/30/2025 17:45",https://www.instagram.com/stories/institutolucianeprado/3755172903487958995,"Story do Instagram",,Total,244,209,7,0,1,217,,5,
18132887635487179,17841402073846050,institutolucianeprado,"Instituto Luciane Prado",,0,"10/30/2025 17:45",https://www.instagram.com/stories/institutolucianeprado/3755172853877709389,"Story do Instagram",,Total,245,217,4,0,1,222,,,
18102283144725617,17841402073846050,institutolucianeprado,"Instituto Luciane Prado",,0,"10/30/2025 17:45",https://www.instagram.com/stories/institutolucianeprado/3755172840783133867,"Story do Instagram",,Total,275,235,4,0,1,247,1,,
18156837373391927,17841402073846050,institutolucianeprado,"Instituto Luciane Prado",,0,"10/30/2025 06:42",https://www.instagram.com/stories/institutolucianeprado/3754839399797506697,"Story do Instagram",,Total,280,219,4,0,1,233,,4,
18069675389587335,17841402073846050,institutolucianeprado,"Instituto Luciane Prado",,0,"10/30/2025 06:42",https://www.instagram.com/stories/institutolucianeprado/3754839347393875386,"Story do Instagram",,Total,256,223,4,0,0,227,,2,
17924028954157470,17841402073846050,institutolucianeprado,"Instituto Luciane Prado",,0,"10/30/2025 06:42",https://www.instagram.com/stories/institutolucianeprado/3754839341890941168,"Story do Instagram",,Total,251,227,4,0,0,230,,,
17879904945307967,17841402073846050,institutolucianeprado,"Instituto Luciane Prado",,0,"10/30/2025 06:42",https://www.instagram.com/stories/institutolucianeprado/3754839271099471983,"Story do Instagram",,Total,269,241,5,0,0,247,,,
18100405822676157,17841402073846050,institutolucianeprado,"Instituto Luciane Prado",🖤,60,"10/30/2025 03:14",https://www.instagram.com/stories/institutolucianeprado/3754735115868101522,"Story do Instagram",,Total,305,253,8,0,0,278,2,,
18150459961416937,17841402073846050,institutolucianeprado,"Instituto Luciane Prado",,0,"10/30/2025 03:11",https://www.instagram.com/stories/institutolucianeprado/3754733040551632780,"Story do Instagram",,Total,360,287,10,0,1,288,2,15,
17858735337471153,17841402073846050,institutolucianeprado,"Instituto Luciane Prado",,0,"10/29/2025 07:19",https://www.instagram.com/stories/institutolucianeprado/3754133268032846561,"Story do Instagram",,Total,261,208,6,0,1,130,,,
18088972612929407,17841402073846050,institutolucianeprado,"Instituto Luciane Prado",,0,"10/29/2025 07:19",https://www.instagram.com/stories/institutolucianeprado/3754133224873432898,"Story do Instagram",,Total,237,213,4,0,1,216,,,
17886406782387659,17841402073846050,institutolucianeprado,"Instituto Luciane Prado",,0,"10/29/2025 07:19",https://www.instagram.com/stories/institutolucianeprado/3754133158586643470,"Story do Instagram",,Total,238,214,10,0,0,215,,,
17938094978966231,17841402073846050,institutolucianeprado,"Instituto Luciane Prado",,0,"10/29/2025 07:19",https://www.instagram.com/stories/institutolucianeprado/3754133063946391030,"Story do Instagram",,Total,249,218,5,0,0,242,1,,
18085888801783012,17841402073846050,institutolucianeprado,"Instituto Luciane Prado",,0,"10/29/2025 07:19",https://www.instagram.com/stories/institutolucianeprado/3754133014554235413,"Story do Instagram",,Total,458,391,8,0,0,239,,,
18082137032000671,17841402073846050,institutolucianeprado,"Instituto Luciane Prado",,0,"10/29/2025 07:19",https://www.instagram.com/stories/institutolucianeprado/3754132972401477661,"Story do Instagram",,Total,244,224,5,0,0,235,,,
18089898205918374,17841402073846050,institutolucianeprado,"Instituto Luciane Prado",,0,"10/29/2025 07:18",https://www.instagram.com/stories/institutolucianeprado/3754132932001945180,"Story do Instagram",,Total,251,227,4,0,0,240,,,
17995639190697463,17841402073846050,institutolucianeprado,"Instituto Luciane Prado",,0,"10/29/2025 07:18",https://www.instagram.com/stories/institutolucianeprado/3754132904646729679,"Story do Instagram",,Total,262,233,6,0,0,249,,2,
17939893920087674,17841402073846050,institutolucianeprado,"Instituto Luciane Prado",,0,"10/29/2025 07:18",https://www.instagram.com/stories/institutolucianeprado/3754132822606143260,"Story do Instagram",,Total,270,238,7,0,1,243,2,,
18080640221027339,17841402073846050,institutolucianeprado,"Instituto Luciane Prado",,0,"10/29/2025 07:18",https://www.instagram.com/stories/institutolucianeprado/3754132769053253431,"Story do Instagram",,Total,293,242,17,0,4,278,,,
17883207429406162,17841402073846050,institutolucianeprado,"Instituto Luciane Prado",,0,"10/29/2025 07:18",https://www.instagram.com/stories/institutolucianeprado/3754132724761365386,"Story do Instagram",,Total,302,248,22,0,4,255,,,
17984251451917225,17841402073846050,institutolucianeprado,"Instituto Luciane Prado",,0,"10/29/2025 07:18",https://www.instagram.com/stories/institutolucianeprado/3754132640858565251,"Story do Instagram",,Total,309,256,11,0,1,269,2,,
18331371301237690,17841402073846050,institutolucianeprado,"Instituto Luciane Prado",,0,"10/29/2025 07:18",https://www.instagram.com/stories/institutolucianeprado/3754132425933987426,"Story do Instagram",,Total,325,272,9,0,2,231,,,
17916425310071014,17841402073846050,institutolucianeprado,"Instituto Luciane Prado",,0,"10/29/2025 07:17",https://www.instagram.com/stories/institutolucianeprado/3754132142726218773,"Story do Instagram",,Total,335,290,11,0,0,223,1,,
18117637576528169,17841402073846050,institutolucianeprado,"Instituto Luciane Prado",,0,"10/28/2025 14:45",https://www.instagram.com/stories/institutolucianeprado/3753632671928154690,"Story do Instagram",,Total,207,171,3,0,1,188,1,,
18060807158185168,17841402073846050,institutolucianeprado,"Instituto Luciane Prado",,0,"10/28/2025 14:44",https://www.instagram.com/stories/institutolucianeprado/3753632639069933136,"Story do Instagram",,Total,202,175,4,0,0,185,,,
18058339778564396,17841402073846050,institutolucianeprado,"Instituto Luciane Prado",,0,"10/28/2025 14:44",https://www.instagram.com/stories/institutolucianeprado/3753632463227928795,"Story do Instagram",,Total,191,176,6,0,0,161,,,
17923341732168975,17841402073846050,institutolucianeprado,"Instituto Luciane Prado",,0,"10/28/2025 14:44",https://www.instagram.com/stories/institutolucianeprado/3753632420227923728,"Story do Instagram",,Total,189,177,4,0,0,181,,,
18056167925632533,17841402073846050,institutolucianeprado,"Instituto Luciane Prado",,0,"10/28/2025 14:44",https://www.instagram.com/stories/institutolucianeprado/3753632380046531714,"Story do Instagram",,Total,193,178,8,1,2,171,,,
18072902992992777,17841402073846050,institutolucianeprado,"Instituto Luciane Prado",,0,"10/28/2025 14:44",https://www.instagram.com/stories/institutolucianeprado/3753632343916802474,"Story do Instagram",,Total,195,182,4,0,0,181,,,
17854347543558573,17841402073846050,institutolucianeprado,"Instituto Luciane Prado",,0,"10/28/2025 14:44",https://www.instagram.com/stories/institutolucianeprado/3753632316284683887,"Story do Instagram",,Total,198,183,5,0,0,188,,,
17901538209282196,17841402073846050,institutolucianeprado,"Instituto Luciane Prado",,0,"10/28/2025 14:44",https://www.instagram.com/stories/institutolucianeprado/3753632300287640485,"Story do Instagram",,Total,198,184,5,0,2,187,,,
18145556515425931,17841402073846050,institutolucianeprado,"Instituto Luciane Prado",,0,"10/28/2025 14:44",https://www.instagram.com/stories/institutolucianeprado/3753632281564270898,"Story do Instagram",,Total,198,187,5,0,2,186,,,
17845414944582667,17841402073846050,institutolucianeprado,"Instituto Luciane Prado",,0,"10/28/2025 14:44",https://www.instagram.com/stories/institutolucianeprado/3753632251231051069,"Story do Instagram",,Total,208,189,2,0,0,198,,,
17894614914345619,17841402073846050,institutolucianeprado,"Instituto Luciane Prado",,0,"10/28/2025 14:44",https://www.instagram.com/stories/institutolucianeprado/3753632233598157249,"Story do Instagram",,Total,212,190,9,0,3,193,,,
17851580103570823,17841402073846050,institutolucianeprado,"Instituto Luciane Prado",,0,"10/28/2025 14:44",https://www.instagram.com/stories/institutolucianeprado/3753632189851617042,"Story do Instagram",,Total,210,192,6,0,0,186,,,
17978984981930661,17841402073846050,institutolucianeprado,"Instituto Luciane Prado",,0,"10/28/2025 14:44",https://www.instagram.com/stories/institutolucianeprado/3753632175641329349,"Story do Instagram",,Total,214,193,5,0,1,199,,,
18140843197450052,17841402073846050,institutolucianeprado,"Instituto Luciane Prado",,0,"10/28/2025 14:44",https://www.instagram.com/stories/institutolucianeprado/3753632127415171609,"Story do Instagram",,Total,215,195,4,0,0,200,,,
18080869552863130,17841402073846050,institutolucianeprado,"Instituto Luciane Prado",,0,"10/28/2025 14:43",https://www.instagram.com/stories/institutolucianeprado/3753632098499645160,"Story do Instagram",,Total,225,199,2,0,1,209,,,
18051058316659090,17841402073846050,institutolucianeprado,"Instituto Luciane Prado",,0,"10/28/2025 14:43",https://www.instagram.com/stories/institutolucianeprado/3753632066513924532,"Story do Instagram",,Total,236,206,6,0,2,192,,,
18081730832044751,17841402073846050,institutolucianeprado,"Instituto Luciane Prado",,0,"10/28/2025 14:43",https://www.instagram.com/stories/institutolucianeprado/3753632043470379299,"Story do Instagram",,Total,227,213,3,0,1,199,,,
18048470678361220,17841402073846050,institutolucianeprado,"Instituto Luciane Prado",,0,"10/28/2025 14:43",https://www.instagram.com/stories/institutolucianeprado/3753632000042544384,"Story do Instagram",,Total,235,219,3,0,0,192,,,
18000975791673010,17841402073846050,institutolucianeprado,"Instituto Luciane Prado",,0,"10/28/2025 14:43",https://www.instagram.com/stories/institutolucianeprado/3753631961404646618,"Story do Instagram",,Total,257,228,8,0,6,207,,2,
18061957349430100,17841402073846050,institutolucianeprado,"Instituto Luciane Prado",,0,"10/28/2025 14:43",https://www.instagram.com/stories/institutolucianeprado/3753631897684748973,"Story do Instagram",,Total,305,237,7,0,0,231,,,
18151297459423277,17841402073846050,institutolucianeprado,"Instituto Luciane Prado",,0,"10/28/2025 14:43",https://www.instagram.com/stories/institutolucianeprado/3753631861940886242,"Story do Instagram",,Total,341,256,13,0,2,173,1,,
18071479727221163,17841402073846050,institutolucianeprado,"Instituto Luciane Prado",,0,"10/28/2025 07:50",https://www.instagram.com/stories/institutolucianeprado/3753423877075817952,"Story do Instagram",,Total,191,142,1,0,1,168,,2,
17922392151180306,17841402073846050,institutolucianeprado,"Instituto Luciane Prado",,0,"10/28/2025 07:50",https://www.instagram.com/stories/institutolucianeprado/3753423813934730634,"Story do Instagram",,Total,179,147,3,0,1,105,,,
18162137407386288,17841402073846050,institutolucianeprado,"Instituto Luciane Prado",,0,"10/28/2025 07:49",https://www.instagram.com/stories/institutolucianeprado/3753423759484301959,"Story do Instagram",,Total,167,150,3,0,0,150,,,
18029090216744888,17841402073846050,institutolucianeprado,"Instituto Luciane Prado",,0,"10/28/2025 07:49",https://www.instagram.com/stories/institutolucianeprado/3753423699220517091,"Story do Instagram",,Total,166,150,4,0,0,153,,,
18063061493388981,17841402073846050,institutolucianeprado,"Instituto Luciane Prado",,0,"10/28/2025 07:49",https://www.instagram.com/stories/institutolucianeprado/3753423599379321600,"Story do Instagram",,Total,175,151,4,0,1,154,,,
18174893782365604,17841402073846050,institutolucianeprado,"Instituto Luciane Prado",,0,"10/28/2025 07:48",https://www.instagram.com/stories/institutolucianeprado/3753422984150446149,"Story do Instagram",,Total,172,151,3,0,0,149,,,
18057811853554341,17841402073846050,institutolucianeprado,"Instituto Luciane Prado",,47,"10/28/2025 07:01",https://www.instagram.com/stories/institutolucianeprado/3753399152667545005,"Story do Instagram",,Total,174,148,4,0,1,152,,,
18544964548033332,17841402073846050,institutolucianeprado,"Instituto Luciane Prado",,0,"10/28/2025 05:53",https://www.instagram.com/stories/institutolucianeprado/3753365369001266300,"Story do Instagram",,Total,183,150,2,0,1,158,,4,
18541703509013579,17841402073846050,institutolucianeprado,"Instituto Luciane Prado",,0,"10/28/2025 05:53",https://www.instagram.com/stories/institutolucianeprado/3753365269050966443,"Story do Instagram",,Total,178,153,4,0,0,112,,2,
18099463786639774,17841402073846050,institutolucianeprado,"Instituto Luciane Prado",,0,"10/28/2025 05:53",https://www.instagram.com/stories/institutolucianeprado/3753365188881026741,"Story do Instagram",,Total,165,154,6,0,0,145,,2,
17977549352777762,17841402073846050,institutolucianeprado,"Instituto Luciane Prado",,0,"10/28/2025 05:53",https://www.instagram.com/stories/institutolucianeprado/3753365068261260162,"Story do Instagram",,Total,172,156,4,0,0,159,,,
17987243597903040,17841402073846050,institutolucianeprado,"Instituto Luciane Prado",,0,"10/28/2025 05:53",https://www.instagram.com/stories/institutolucianeprado/3753365020479733822,"Story do Instagram",,Total,186,159,6,0,0,172,,,
18361254097092562,17841402073846050,institutolucianeprado,"Instituto Luciane Prado",,0,"10/28/2025 05:53",https://www.instagram.com/stories/institutolucianeprado/3753364999575346024,"Story do Instagram",,Total,195,163,4,0,0,161,,,
18122108947507815,17841402073846050,institutolucianeprado,"Instituto Luciane Prado",@drosternopotenciano,11,"10/28/2025 04:09",https://www.instagram.com/stories/institutolucianeprado/3753312707567221088,"Story do Instagram",,Total,187,162,5,0,0,161,,,
,,,,,,,,,"An error occurred while computing metadata for content with ID 18059654537198799.",Total,186,168,5,0,0,165,,,
,,,,,,,,,"An error occurred while computing metadata for content with ID 17864582490488574.",Total,200,176,4,0,0,174,,,
18053444525307966,17841402073846050,institutolucianeprado,"Instituto Luciane Prado",@drosternopotenciano,26,"10/28/2025 04:01",https://www.instagram.com/stories/institutolucianeprado/3753308612877900477,"Story do Instagram",,Total,225,193,7,0,0,196,,,
18063595454435505,17841402073846050,institutolucianeprado,"Instituto Luciane Prado",,0,"10/27/2025 18:12",https://www.instagram.com/stories/institutolucianeprado/3753012357158295682,"Story do Instagram",,Total,285,237,8,0,0,225,,,
18092979772803270,17841402073846050,institutolucianeprado,"Instituto Luciane Prado",,0,"10/27/2025 18:12",https://www.instagram.com/stories/institutolucianeprado/3753012173363908760,"Story do Instagram",,Total,296,246,7,0,0,235,,,
17900760993300222,17841402073846050,institutolucianeprado,"Instituto Luciane Prado",,0,"10/27/2025 18:12",https://www.instagram.com/stories/institutolucianeprado/3753012116833069811,"Story do Instagram",,Total,316,250,9,0,0,279,,,
17853120252563326,17841402073846050,institutolucianeprado,"Instituto Luciane Prado",,0,"10/27/2025 18:11",https://www.instagram.com/stories/institutolucianeprado/3753011962373626197,"Story do Instagram",,Total,314,257,16,0,7,245,,1,
18093970150875610,17841402073846050,institutolucianeprado,"Instituto Luciane Prado",,0,"10/27/2025 18:11",https://www.instagram.com/stories/institutolucianeprado/3753011909433118896,"Story do Instagram",,Total,306,260,11,0,1,277,,,
17874390414350311,17841402073846050,institutolucianeprado,"Instituto Luciane Prado","Será que ela vira blogueira nessa viagem?",0,"10/27/2025 18:08",https://www.instagram.com/stories/institutolucianeprado/3753010302217790214,"Story do Instagram",,Total,333,276,12,0,1,288,1,,
17970347585808415,17841402073846050,institutolucianeprado,"Instituto Luciane Prado",,0,"10/27/2025 14:56",https://www.instagram.com/stories/institutolucianeprado/3752913646990369716,"Story do Instagram",,Total,360,288,8,0,0,316,,,
17853092598563923,17841402073846050,institutolucianeprado,"Instituto Luciane Prado",,0,"10/27/2025 14:56",https://www.instagram.com/stories/institutolucianeprado/3752913585828991409,"Story do Instagram",,Total,384,301,6,0,0,284,,,
18086255263765843,17841402073846050,institutolucianeprado,"Instituto Luciane Prado",,3,"10/27/2025 14:56",https://www.instagram.com/stories/institutolucianeprado/3752913525800169386,"Story do Instagram",,Total,391,307,4,0,0,254,,,
18092567428876357,17841402073846050,institutolucianeprado,"Instituto Luciane Prado",,0,"10/27/2025 14:56",https://www.instagram.com/stories/institutolucianeprado/3752913485291546378,"Story do Instagram",,Total,382,318,4,0,0,316,,,
18084338710955306,17841402073846050,institutolucianeprado,"Instituto Luciane Prado",,0,"10/27/2025 14:55",https://www.instagram.com/stories/institutolucianeprado/3752913421823315490,"Story do Instagram",,Total,398,338,6,0,1,347,2,,
18073686431228359,17841402073846050,institutolucianeprado,"Instituto Luciane Prado",,15,"10/27/2025 05:14",https://www.instagram.com/stories/institutolucianeprado/3752620810213267869,"Story do Instagram",,Total,576,459,7,0,2,482,,,
18143354722442558,17841402073846050,institutolucianeprado,"Instituto Luciane Prado",,0,"10/27/2025 05:14",https://www.instagram.com/stories/institutolucianeprado/3752620483451875664,"Story do Instagram",,Total,599,516,7,0,1,489,1,2,
,,,,,,,,,"An error occurred while computing metadata for content with ID 18068121050590827.",Total,147,130,1,0,0,138,1,,
,,,,,,,,,"An error occurred while computing metadata for content with ID 18156513535404162.",Total,144,138,1,0,0,134,,,
18062258363418432,17841402073846050,institutolucianeprado,"Instituto Luciane Prado",@drosternopotenciano,24,"10/24/2025 14:38",https://www.instagram.com/stories/institutolucianeprado/3750730059627941390,"Story do Instagram",,Total,166,153,3,0,0,145,1,,
18085995013939558,17841402073846050,institutolucianeprado,"Instituto Luciane Prado",,60,"10/24/2025 05:47",https://www.instagram.com/stories/institutolucianeprado/3750462747180030378,"Story do Instagram",,Total,182,147,2,0,0,163,,,
18050094494659436,17841402073846050,institutolucianeprado,"Instituto Luciane Prado",,31,"10/23/2025 16:38",https://www.instagram.com/stories/institutolucianeprado/3750066054227873667,"Story do Instagram",,Total,192,169,1,0,0,177,,7,
18093633781862183,17841402073846050,institutolucianeprado,"Instituto Luciane Prado",,45,"10/23/2025 14:15",https://www.instagram.com/stories/institutolucianeprado/3749994143120673590,"Story do Instagram",,Total,400,323,2,0,0,199,1,,
17983202156756169,17841402073846050,institutolucianeprado,"Instituto Luciane Prado","Pele saudável é sinônimo de confiança. Um toque de cuidado que faz toda diferença! @danyfreitas_",45,"10/23/2025 04:51",https://www.instagram.com/stories/institutolucianeprado/3749709996976285135,"Story do Instagram",,Total,286,241,1,0,0,198,,,
17862647445433869,17841402073846050,institutolucianeprado,"Instituto Luciane Prado","Discutindo casos e alinhando protocolos ✨",14,"10/23/2025 04:42",https://www.instagram.com/stories/institutolucianeprado/3749705571725511195,"Story do Instagram",,Total,247,209,2,0,0,197,,,
18168355039372476,17841402073846050,institutolucianeprado,"Instituto Luciane Prado","Momento de conexão e estratégia com nossa equipe✨",21,"10/23/2025 04:41",https://www.instagram.com/stories/institutolucianeprado/3749704847486649229,"Story do Instagram",,Total,292,230,5,1,0,226,,,
17885525802263356,17841402073846050,institutolucianeprado,"Instituto Luciane Prado",,53,"10/22/2025 14:02",https://www.instagram.com/stories/institutolucianeprado/3749262727882861405,"Story do Instagram",,Total,228,193,5,0,0,211,,,
,,,,,,,,,"An error occurred while computing metadata for content with ID 18070009856585463.",Total,245,211,1,1,0,210,,,
17986611452905039,17841402073846050,institutolucianeprado,"Instituto Luciane Prado",,0,"10/21/2025 15:27",https://www.instagram.com/stories/institutolucianeprado/3748580812510001504,"Story do Instagram",,Total,250,221,1,0,0,209,,,
17918635023055224,17841402073846050,institutolucianeprado,"Instituto Luciane Prado",,0,"10/21/2025 15:27",https://www.instagram.com/stories/institutolucianeprado/3748580635367720820,"Story do Instagram",,Total,266,225,1,0,0,228,,3,
,,,,,,,,,"An error occurred while computing metadata for content with ID 17915595639206639.",Total,254,224,2,0,0,220,,,
17914290270211417,17841402073846050,institutolucianeprado,"Instituto Luciane Prado","A biópsia é um exame rápido e seguro que ajuda a identificar alterações na pele com precisão. @drosternopotenciano",13,"10/21/2025 15:25",https://www.instagram.com/stories/institutolucianeprado/3748579567019783989,"Story do Instagram",,Total,255,236,2,0,0,230,,,
,,,,,,,,,"An error occurred while computing metadata for content with ID 18063684695593612.",Total,737,560,3,0,0,254,1,,
18071327522464120,17841402073846050,institutolucianeprado,"Instituto Luciane Prado",,15,"10/21/2025 04:29",https://www.instagram.com/stories/institutolucianeprado/3748249209418058053,"Story do Instagram",,Total,276,231,2,0,0,255,,2,
18018558365601528,17841402073846050,institutolucianeprado,"Instituto Luciane Prado","RedTouch: devolve vitalidade e firmeza à pele do pescoço 💫 @danyfreitas_",23,"10/20/2025 11:30",https://www.instagram.com/stories/institutolucianeprado/3747741207061596205,"Story do Instagram",,Total,311,262,1,1,0,228,,,
17978433350923347,17841402073846050,institutolucianeprado,"Instituto Luciane Prado",@yasminpugliesi,37,"10/20/2025 11:23",https://www.instagram.com/stories/institutolucianeprado/3747733109613818764,"Story do Instagram",,Total,768,579,4,0,1,236,,,
18104304295622240,17841402073846050,institutolucianeprado,"Instituto Luciane Prado","Tratando cicatrizes com precisão e cuidado 💫 Estímulo profundo para uma pele renovada. @danyfreitas_",14,"10/20/2025 11:22",https://www.instagram.com/stories/institutolucianeprado/3747732542829161196,"Story do Instagram",,Total,338,281,1,0,1,240,,,
17894726250341540,17841402073846050,institutolucianeprado,"Instituto Luciane Prado","Tecnologia que rejuvenesce e redefine contornos ✨ Pescoço mais firme e harmonioso @danyfreitas_",19,"10/20/2025 11:15",https://www.instagram.com/stories/institutolucianeprado/3747729190674253424,"Story do Instagram",,Total,380,309,1,0,0,269,1,,
17937943395085500,17841402073846050,institutolucianeprado,"Instituto Luciane Prado","Day after bodas dos sobrinhos Henrique e Laís💕",49,"10/19/2025 12:40",https://www.instagram.com/stories/institutolucianeprado/3747046982053587738,"Story do Instagram",,Total,382,304,6,0,1,366,,6,
17861763939502312,17841402073846050,institutolucianeprado,"Instituto Luciane Prado",,0,"10/19/2025 12:36",https://www.instagram.com/stories/institutolucianeprado/3747044749215808050,"Story do Instagram",,Total,411,323,7,0,0,352,,2,
17852663061561110,17841402073846050,institutolucianeprado,"Instituto Luciane Prado",,0,"10/19/2025 12:34",https://www.instagram.com/stories/institutolucianeprado/3747044013006430472,"Story do Instagram",,Total,426,328,6,0,1,351,2,6,
18064575326381803,17841402073846050,institutolucianeprado,"Instituto Luciane Prado",,0,"10/19/2025 12:34",https://www.instagram.com/stories/institutolucianeprado/3747043836384277286,"Story do Instagram",,Total,426,337,7,0,2,321,,9,
18067871108074344,17841402073846050,institutolucianeprado,"Instituto Luciane Prado",,14,"10/19/2025 12:32",https://www.instagram.com/stories/institutolucianeprado/3747042782691254086,"Story do Instagram",,Total,418,348,10,0,1,357,,,
17980459682761241,17841402073846050,institutolucianeprado,"Instituto Luciane Prado",,19,"10/19/2025 08:12",https://www.instagram.com/stories/institutolucianeprado/3746911917118092069,"Story do Instagram",,Total,432,333,7,1,0,360,,6,
18082341688974060,17841402073846050,institutolucianeprado,"Instituto Luciane Prado",,0,"10/19/2025 08:11",https://www.instagram.com/stories/institutolucianeprado/3746911641325846376,"Story do Instagram",,Total,444,348,6,0,0,355,1,2,
18039903059694389,17841402073846050,institutolucianeprado,"Instituto Luciane Prado",,0,"10/19/2025 08:11",https://www.instagram.com/stories/institutolucianeprado/3746911550133281474,"Story do Instagram",,Total,450,355,6,0,0,390,,,
18094058989838479,17841402073846050,institutolucianeprado,"Instituto Luciane Prado",,0,"10/19/2025 08:10",https://www.instagram.com/stories/institutolucianeprado/3746911337180058496,"Story do Instagram",,Total,486,377,7,0,0,376,,2,
18077650877165923,17841402073846050,institutolucianeprado,"Instituto Luciane Prado",,0,"10/19/2025 07:10",https://www.instagram.com/stories/institutolucianeprado/3746880942812183021,"Story do Instagram",,Total,606,477,15,0,1,445,3,20,
18043961783457616,17841402073846050,institutolucianeprado,"Instituto Luciane Prado",,41,"10/18/2025 03:51",https://www.instagram.com/stories/institutolucianeprado/3746056061577106461,"Story do Instagram",,Total,405,333,10,0,5,381,1,,
18027068396748933,17841402073846050,institutolucianeprado,"Instituto Luciane Prado",,0,"10/17/2025 19:03",https://www.instagram.com/stories/institutolucianeprado/3745790375697081377,"Story do Instagram",,Total,567,473,5,0,1,470,,17,
18526704652004677,17841402073846050,institutolucianeprado,"Instituto Luciane Prado","Glow natural para pele antes de momentos especiais ✨ Lhala Peel para uma pele luminosa e macia @yasminpugliesi  @danyfreitas_",54,"10/17/2025 10:50",https://www.instagram.com/stories/institutolucianeprado/3745542331655296882,"Story do Instagram",,Total,1007,759,4,0,2,382,,,
17926575885016751,17841402073846050,institutolucianeprado,"Instituto Luciane Prado",@yasminpugliesi,23,"10/17/2025 10:46",https://www.instagram.com/stories/institutolucianeprado/3745539924997231181,"Story do Instagram",,Total,969,746,7,1,0,403,2,,
,,,,,,,,,"An error occurred while computing metadata for content with ID 18038318108687497.",Total,535,438,5,2,0,452,,,
18046559552385138,17841402073846050,institutolucianeprado,"Instituto Luciane Prado","Sustentação e estímulo de colágeno com fios. O toque certo para revitalizar a pele! @drosternopotenciano",16,"10/16/2025 14:48",https://www.instagram.com/stories/institutolucianeprado/3744936880349702638,"Story do Instagram",,Total,258,232,0,0,0,239,1,,
17901967299146935,17841402073846050,institutolucianeprado,"Instituto Luciane Prado","@danyfreitas_  10 Therma atuando  no rosto para uma pele mais firme e contornada!",25,"10/16/2025 14:43",https://www.instagram.com/stories/institutolucianeprado/3744934385242136630,"Story do Instagram",,Total,356,293,0,0,0,253,,,
,,,,,,,,,"An error occurred while computing metadata for content with ID 18081342943839779.",Total,293,248,1,0,0,230,,,
18068805608023640,17841402073846050,institutolucianeprado,"Instituto Luciane Prado",,60,"10/16/2025 14:13",https://www.instagram.com/stories/institutolucianeprado/3744919465733704776,"Story do Instagram",,Total,315,271,4,0,0,278,1,,
17848682448544581,17841402073846050,institutolucianeprado,"Instituto Luciane Prado",.,15,"10/15/2025 14:06",https://www.instagram.com/stories/institutolucianeprado/3744191107388547017,"Story do Instagram",,Total,141,113,1,0,0,126,1,,
18154923913402421,17841402073846050,institutolucianeprado,"Instituto Luciane Prado","📷 @drosternopotenciano @igorflaviofoto @fabulaprodutora  elegância em cada detalhe! Da produção ao resultado, ✨",21,"10/14/2025 12:42",https://www.instagram.com/stories/institutolucianeprado/3743423921841622993,"Story do Instagram",,Total,1303,1028,5,9,0,236,3,,
18174632371321580,17841402073846050,institutolucianeprado,"Instituto Luciane Prado","@igorflaviofoto @yasminpugliesi @fabulaprodutora  @agenciatoon  Luz, câmera, arte! ✨ Behind the scene 🎬",20,"10/14/2025 12:37",https://www.instagram.com/stories/institutolucianeprado/3743421684859875876,"Story do Instagram",,Total,869,664,3,0,0,241,,,
18076663592064505,17841402073846050,institutolucianeprado,"Instituto Luciane Prado","Curadoria de novas tecnologias O que há de mais avançado para oferecer sempre o melhor cuidado aos nossos pacientes @danyfreitas_ @yasminpugliesi",23,"09/02/2025 07:21",https://www.instagram.com/stories/institutolucianeprado/3712821950100275513,"Story do Instagram",,Total,814,620,4,1,2,438,1,,
18054805223624412,17841402073846050,institutolucianeprado,"Instituto Luciane Prado","@clinica.corporelle @thaispugliesi  Novo espaço, mesma essência ✨ A Corporelle agora está em um ambiente ainda mais moderno e acolhedor, pronto para receber você.",20,"09/02/2025 07:11",https://www.instagram.com/stories/institutolucianeprado/3712816874975669984,"Story do Instagram",,Total,871,560,16,0,7,414,1,,
18076371686167871,17841402073846050,institutolucianeprado,"Instituto Luciane Prado","@yasminpugliesi @drosternopotenciano",23,"10/14/2025 08:53",https://www.instagram.com/stories/institutolucianeprado/3743308842646155841,"Story do Instagram",,Total,1424,1100,5,0,0,271,,,
18044986403673314,17841402073846050,institutolucianeprado,"Instituto Luciane Prado",,51,"10/14/2025 08:10",https://www.instagram.com/stories/institutolucianeprado/3743287150326639283,"Story do Instagram",,Total,328,280,3,0,0,310,,,
18065078042082147,17841402073846050,institutolucianeprado,"Instituto Luciane Prado","@yasminpugliesi @drosternopotenciano",9,"10/14/2025 07:57",https://www.instagram.com/stories/institutolucianeprado/3743280508746889845,"Story do Instagram",,Total,1439,1063,8,1,1,240,,,1
18085325650749313,17841402073846050,institutolucianeprado,"Instituto Luciane Prado","BACKSTAGE @agenciatoon 
@thiagoaquinodias 
@yasminpugliesi 
@fabulaprodutora",0,"10/14/2025 06:59",https://www.instagram.com/stories/institutolucianeprado/3743251430425820805,"Story do Instagram",,Total,1100,794,3,0,0,325,,6,
18052804433306577,17841402073846050,institutolucianeprado,"Instituto Luciane Prado","Manhã de produções por aqui  @agenciatoon 
@igorflaviofoto 
@thiagoaquinodias",0,"10/14/2025 06:49",https://www.instagram.com/stories/institutolucianeprado/3743246380316003591,"Story do Instagram",,Total,1064,834,2,0,0,337,1,2,
18076046276129151,17841402073846050,institutolucianeprado,"Instituto Luciane Prado",,0,"10/13/2025 14:06",https://www.instagram.com/stories/institutolucianeprado/3742741489773635565,"Story do Instagram",,Total,400,310,7,0,1,361,3,,
17922582780158750,17841402073846050,institutolucianeprado,"Instituto Luciane Prado","Antes _____________________________ Depois ___________________ Preenchimento pra amenizar as marcas de acne. Suaviza as cicatrizes e deixa a pele mais uniforme!",0,"10/13/2025 06:33",https://www.instagram.com/stories/institutolucianeprado/3742513555681873068,"Story do Instagram",,Total,341,284,6,0,1,311,,,
17859453912517255,17841402073846050,institutolucianeprado,"Instituto Luciane Prado",@drosternopotenciano,16,"10/13/2025 06:28",https://www.instagram.com/stories/institutolucianeprado/3742511018044078915,"Story do Instagram",,Total,517,426,3,0,0,311,,,
18165465208372409,17841402073846050,institutolucianeprado,"Instituto Luciane Prado","Um cuidado que começa com o diagnóstico! Exame essencial para entender a saúde da pele e cabelo. @drosternopotenciano",16,"10/13/2025 06:24",https://www.instagram.com/stories/institutolucianeprado/3742509647051890391,"Story do Instagram",,Total,577,455,5,0,0,324,,,
,,,,,,,,,"An error occurred while computing metadata for content with ID 18065167361599039.",Total,423,350,8,1,2,354,1,,
18026405834534588,17841402073846050,institutolucianeprado,"Instituto Luciane Prado",,60,"10/12/2025 11:21",https://www.instagram.com/stories/institutolucianeprado/3741933791661263830,"Story do Instagram",,Total,270,237,1,0,0,249,1,,
18114367225476932,17841402073846050,institutolucianeprado,"Instituto Luciane Prado","Como Palmas cresceu!!!",36,"10/12/2025 08:51",https://www.instagram.com/stories/institutolucianeprado/3741858638516497230,"Story do Instagram",,Total,338,302,3,0,0,312,1,,
17918049228186903,17841402073846050,institutolucianeprado,"Instituto Luciane Prado","Paz de Cristo!!",47,"10/12/2025 08:46",https://www.instagram.com/stories/institutolucianeprado/3741856797502274947,"Story do Instagram",,Total,383,335,7,1,1,354,,,
18346620256165519,17841402073846050,institutolucianeprado,"Instituto Luciane Prado",,0,"10/11/2025 08:11",https://www.instagram.com/stories/institutolucianeprado/3741113235793814723,"Story do Instagram",,Total,438,377,2,0,0,391,3,7,
18056762876553226,17841402073846050,institutolucianeprado,"Instituto Luciane Prado","@danyfreitas_  Sessão de remoção em andamento✨ O laser clareia a pele de forma progressiva",20,"10/09/2025 12:25",https://www.instagram.com/stories/institutolucianeprado/3739791743773718575,"Story do Instagram",,Total,234,196,1,0,0,166,1,,
17924148792137577,17841402073846050,institutolucianeprado,"Instituto Luciane Prado","Diga adeus à papada 👋 Firmeza e definição com tecnologia! @danyfreitas_ @thaispugliesi",28,"10/09/2025 12:21",https://www.instagram.com/stories/institutolucianeprado/3739789583681985747,"Story do Instagram",,Total,251,210,3,0,0,176,,,
,,,,,,,,,"An error occurred while computing metadata for content with ID 17884382334259917.",Total,404,324,2,0,0,204,1,,
18106536706592432,17841402073846050,institutolucianeprado,"Instituto Luciane Prado",,60,"10/09/2025 04:24",https://www.instagram.com/stories/institutolucianeprado/3739549620032798304,"Story do Instagram",,Total,224,192,4,3,0,208,4,,
18066295037595454,17841402073846050,institutolucianeprado,"Instituto Luciane Prado",,0,"10/08/2025 14:48",https://www.instagram.com/stories/institutolucianeprado/3739138789784707308,"Story do Instagram",,Total,303,242,4,1,0,249,,8,
18026615306737038,17841402073846050,institutolucianeprado,"Instituto Luciane Prado","Adeus à tatuagem indesejada 👋 Processo gradual, resultado definitivo. @danyfreitas_",31,"10/08/2025 13:18",https://www.instagram.com/stories/institutolucianeprado/3739093759503283703,"Story do Instagram",,Total,342,280,1,0,0,251,,,
,,,,,,,,,"An error occurred while computing metadata for content with ID 17925121752017067.",Total,466,366,3,2,0,251,,,
18114328708544291,17841402073846050,institutolucianeprado,"Instituto Luciane Prado","O toque certo faz toda diferença no perfil! 💉Masculinização com naturalidade",40,"10/08/2025 13:12",https://www.instagram.com/stories/institutolucianeprado/3739090624957300565,"Story do Instagram",,Total,283,257,2,0,0,267,2,,
18075194141135828,17841402073846050,institutolucianeprado,"Instituto Luciane Prado","Recado importante para os homens ⚠️ @drosternopotenciano",22,"10/08/2025 13:06",https://www.instagram.com/stories/institutolucianeprado/3739087633873279680,"Story do Instagram",,Total,569,450,6,0,2,307,2,,
,,,,,,,,,"An error occurred while computing metadata for content with ID 18064804271610533.",Total,317,278,3,0,0,264,1,,
18534911530032082,17841402073846050,institutolucianeprado,"Instituto Luciane Prado","Mais força, brilho e vitalidade! Estimulo capilar com laser RedTouch @danyfreitas_",20,"10/07/2025 08:40",https://www.instagram.com/stories/institutolucianeprado/3738228866787841945,"Story do Instagram",,Total,398,341,3,0,0,293,,,
18089889010870051,17841402073846050,institutolucianeprado,"Instituto Luciane Prado","Iniciando nossa manhã com um treinamento mais que especial ✨ @nandamacvendas",16,"10/07/2025 07:31",https://www.instagram.com/stories/institutolucianeprado/3738194057000675861,"Story do Instagram",,Total,334,280,8,1,1,278,,,
,,,,,,,,,"An error occurred while computing metadata for content with ID 18102200764558992.",Total,331,274,4,0,1,257,1,,
17976228188926333,17841402073846050,institutolucianeprado,"Instituto Luciane Prado",,15,"10/07/2025 04:21",https://www.instagram.com/stories/institutolucianeprado/3738098303900868940,"Story do Instagram",,Total,311,254,8,0,1,290,4,,
17943303210063598,17841402073846050,institutolucianeprado,"Instituto Luciane Prado",,34,"10/06/2025 10:10",https://www.instagram.com/stories/institutolucianeprado/3737549197927260126,"Story do Instagram",,Total,472,378,8,0,3,405,2,14,
,,,,,,,,,"An error occurred while computing metadata for content with ID 18147351622416961.",Total,205,167,2,0,0,183,2,,
18093668938759911,17841402073846050,institutolucianeprado,"Instituto Luciane Prado","A ceratose actínica é um alerta da pele ⚠️ Tratar precocemente faz toda diferença! @drosternopotenciano",18,"10/02/2025 10:30",https://www.instagram.com/stories/institutolucianeprado/3734660189568144279,"Story do Instagram",,Total,433,348,3,0,0,211,,,
17961986729989435,17841402073846050,institutolucianeprado,"Instituto Luciane Prado","A ceratose actínica é uma lesão pré-cancerosa na pele resultado da exposição crônica à radiação UV! @drosternopotenciano",25,"10/02/2025 10:26",https://www.instagram.com/stories/institutolucianeprado/3734658534713915799,"Story do Instagram",,Total,482,402,4,0,0,245,1,,
17871896646351832,17841402073846050,institutolucianeprado,"Instituto Luciane Prado","O fotona é um tratamento eficaz contra a onicomicose ✨",18,"10/01/2025 10:01",https://www.instagram.com/stories/institutolucianeprado/3733921140209359416,"Story do Instagram",,Total,371,323,3,1,0,263,,,
17842711731586225,17841402073846050,institutolucianeprado,"Instituto Luciane Prado","Combinamos diferentes métodos para intensificar a regeneração da pele e acelerar os resultados! @julia_wolney @yasminpugliesi",13,"10/01/2025 06:24",https://www.instagram.com/stories/institutolucianeprado/3733811815323305638,"Story do Instagram",,Total,686,531,6,0,0,279,1,,
18080261225491444,17841402073846050,institutolucianeprado,"Instituto Luciane Prado","@julia_wolney @danyfreitas_  O RedTouch entra em ação estimulando colágeno e suavizando a textura da pele ✨",27,"10/01/2025 06:20",https://www.instagram.com/stories/institutolucianeprado/3733809643521064066,"Story do Instagram",,Total,509,352,4,0,0,314,,,
18063281477521764,17841402073846050,institutolucianeprado,"Instituto Luciane Prado","Após a remoção cirúrgica do queloide, iniciamos o tratamento para melhorar a aparência da cicatriz. @danyfreitas_  @julia_wolney",22,"10/01/2025 06:15",https://www.instagram.com/stories/institutolucianeprado/3733807296371817241,"Story do Instagram",,Total,761,599,7,1,1,311,,,
18224809588306036,17841402073846050,institutolucianeprado,"Instituto Luciane Prado",,12,"09/29/2025 18:44",https://www.instagram.com/stories/institutolucianeprado/3732734916111150232,"Story do Instagram",,Total,341,295,3,0,0,297,,13,
17975652689776507,17841402073846050,institutolucianeprado,"Instituto Luciane Prado",,0,"09/29/2025 14:09",https://www.instagram.com/stories/institutolucianeprado/3732596314286892274,"Story do Instagram",,Total,286,235,5,0,0,275,,,
17869213152373961,17841402073846050,institutolucianeprado,"Instituto Luciane Prado",,0,"09/29/2025 14:09",https://www.instagram.com/stories/institutolucianeprado/3732596312483361264,"Story do Instagram",,Total,292,245,5,0,0,276,,,
18054482228248185,17841402073846050,institutolucianeprado,"Instituto Luciane Prado","Fruta predileta do nosso Goiás!!",15,"09/29/2025 14:09",https://www.instagram.com/stories/institutolucianeprado/3732596298742781702,"Story do Instagram",,Total,298,247,6,0,1,284,1,,
18081052691054129,17841402073846050,institutolucianeprado,"Instituto Luciane Prado","A vacina ajuda o corpo a combater as verrugas e evitar que elas voltem @yasminpugliesi",17,"09/29/2025 13:14",https://www.instagram.com/stories/institutolucianeprado/3732568499610040524,"Story do Instagram",,Total,292,254,2,1,0,255,,,
18403259065139891,17841402073846050,institutolucianeprado,"Instituto Luciane Prado","Tratamento que ativa o crescimento saudável dos fios, deixando o cabelo mais forte e resistente! @danyfreitas_",24,"09/29/2025 13:12",https://www.instagram.com/stories/institutolucianeprado/3732567622924991591,"Story do Instagram",,Total,348,280,1,0,0,263,1,,
18107850442603006,17841402073846050,institutolucianeprado,"Instituto Luciane Prado",@drosternopotenciano,31,"09/29/2025 13:06",https://www.instagram.com/stories/institutolucianeprado/3732564812170886441,"Story do Instagram",,Total,499,407,3,0,0,285,1,,
17906670573249959,17841402073846050,institutolucianeprado,"Instituto Luciane Prado",,60,"09/28/2025 11:25",https://www.instagram.com/stories/institutolucianeprado/3731788777497068299,"Story do Instagram",,Total,324,281,2,3,1,304,,,
18058330919529842,17841402073846050,institutolucianeprado,"Instituto Luciane Prado",,44,"09/28/2025 10:42",https://www.instagram.com/stories/institutolucianeprado/3731767540972571615,"Story do Instagram",,Total,405,348,3,0,1,373,,,
17898603390295951,17841402073846050,institutolucianeprado,"Instituto Luciane Prado",,33,"09/26/2025 14:31",https://www.instagram.com/stories/institutolucianeprado/3730432969198833383,"Story do Instagram",,Total,328,269,1,0,1,299,1,6,
18523585528039767,17841402073846050,institutolucianeprado,"Instituto Luciane Prado","@yasminpugliesi  A escolha dos produtos certos impacta diretamente na saúde da nossa pele! @yasminpugliesi",25,"09/26/2025 06:09",https://www.instagram.com/stories/institutolucianeprado/3730180243357477944,"Story do Instagram",,Total,633,522,4,0,1,255,2,,
17866829175460742,17841402073846050,institutolucianeprado,"Instituto Luciane Prado","A prática esportiva pode ser mantida com os cuidados certos!  @yasminpugliesi",29,"09/26/2025 06:08",https://www.instagram.com/stories/institutolucianeprado/3730179884710917385,"Story do Instagram",,Total,647,542,2,0,0,275,,,
18025621310750198,17841402073846050,institutolucianeprado,"Instituto Luciane Prado","O hidratante certo é o aliado ideal contra a dermatite! @yasminpugliesi",34,"09/26/2025 06:07",https://www.instagram.com/stories/institutolucianeprado/3730179321357192783,"Story do Instagram",,Total,759,565,4,0,0,293,,,
18531030979038594,17841402073846050,institutolucianeprado,"Instituto Luciane Prado",,36,"09/26/2025 05:35",https://www.instagram.com/stories/institutolucianeprado/3730163186557518487,"Story do Instagram",,Total,363,292,5,0,0,336,2,,
18093184972814041,17841402073846050,institutolucianeprado,"Instituto Luciane Prado",,54,"09/25/2025 08:48",https://www.instagram.com/stories/institutolucianeprado/3729535672743127166,"Story do Instagram",,Total,395,337,5,0,0,362,,,
18068371183986514,17841402073846050,institutolucianeprado,"Instituto Luciane Prado","Momento de cuidado e carinho oferecido pela Cetaphil  coffee break especial para nossos pacientes ☕️ @elielder_ @cetaphilbrasil",16,"09/25/2025 07:07",https://www.instagram.com/stories/institutolucianeprado/3729484861627491712,"Story do Instagram",,Total,826,676,4,0,2,389,2,,
18165939640370163,17841402073846050,institutolucianeprado,"Instituto Luciane Prado",,0,"09/24/2025 06:50",https://www.instagram.com/stories/institutolucianeprado/3728751659758481733,"Story do Instagram",,Total,255,205,2,0,0,211,1,,
18132171454455742,17841402073846050,institutolucianeprado,"Instituto Luciane Prado",,0,"09/24/2025 06:50",https://www.instagram.com/stories/institutolucianeprado/3728751518209116861,"Story do Instagram",,Total,263,216,1,0,0,214,,,
18095604043663637,17841402073846050,institutolucianeprado,"Instituto Luciane Prado",,0,"09/24/2025 06:50",https://www.instagram.com/stories/institutolucianeprado/3728751405743070123,"Story do Instagram",,Total,278,217,2,0,0,232,,7,
18086645902921947,17841402073846050,institutolucianeprado,"Instituto Luciane Prado","@cetaphilbrasil @elielder_  Obrigado pela visita Cetaphil 💚 Sempre bom trocar conhecimento e cuidados",0,"09/24/2025 06:49",https://www.instagram.com/stories/institutolucianeprado/3728750858117907184,"Story do Instagram",,Total,565,443,5,0,0,236,,,
18077229163843066,17841402073846050,institutolucianeprado,"Instituto Luciane Prado","Novidades incríveis para o cuidado com a pele! Visita especial da Cetaphil 💚 @cetaphilbrasil @elielder_",17,"09/24/2025 06:37",https://www.instagram.com/stories/institutolucianeprado/3728744768214997850,"Story do Instagram",,Total,542,434,2,1,1,236,,,
17973652556945034,17841402073846050,institutolucianeprado,"Instituto Luciane Prado","Iniciamos nossa manhã com um treinamento especial. Sempre em busca de melhorar nosso atendimento ✨ @prirosaa11 @julia_wolney",15,"09/24/2025 06:28",https://www.instagram.com/stories/institutolucianeprado/3728740300257841848,"Story do Instagram",,Total,501,375,5,0,1,247,1,,1
18103823986589769,17841402073846050,institutolucianeprado,"Instituto Luciane Prado",,60,"09/23/2025 07:22",https://www.instagram.com/stories/institutolucianeprado/3728042903130393873,"Story do Instagram",,Total,245,206,6,0,1,222,,,
18064849688582175,17841402073846050,institutolucianeprado,"Instituto Luciane Prado",,60,"09/23/2025 05:45",https://www.instagram.com/stories/institutolucianeprado/3727993863739073707,"Story do Instagram",,Total,278,233,6,0,0,246,2,,1
18105879520604025,17841402073846050,institutolucianeprado,"Instituto Luciane Prado",,0,"09/22/2025 12:46",https://www.instagram.com/stories/institutolucianeprado/3727480863576939830,"Story do Instagram",,Total,290,210,4,0,0,245,1,12,
18175454992349516,17841402073846050,institutolucianeprado,"Instituto Luciane Prado",,6,"09/22/2025 12:45",https://www.instagram.com/stories/institutolucianeprado/3727480743368146829,"Story do Instagram",,Total,258,213,4,0,0,222,1,6,
18101069437616759,17841402073846050,institutolucianeprado,"Instituto Luciane Prado",,0,"09/22/2025 12:45",https://www.instagram.com/stories/institutolucianeprado/3727480400785773389,"Story do Instagram",,Total,261,223,5,0,0,239,,12,
17928814890101774,17841402073846050,institutolucianeprado,"Instituto Luciane Prado","Tecnologia que estimula colágeno, trazendo um olhar mais jovem e sem flacidez. 🌟 @danyfreitas_",21,"09/22/2025 12:42",https://www.instagram.com/stories/institutolucianeprado/3727479048542218790,"Story do Instagram",,Total,312,261,5,0,0,250,,,
18112887364531134,17841402073846050,institutolucianeprado,"Instituto Luciane Prado","Firmeza e rejuvenescimento para o rosto ✨ @danyfreitas_",30,"09/22/2025 12:37",https://www.instagram.com/stories/institutolucianeprado/3727476756061474638,"Story do Instagram",,Total,338,277,5,0,0,259,,,
18165365017365979,17841402073846050,institutolucianeprado,"Instituto Luciane Prado","Quer manter os lábios e unhas hidratados? @yasminpugliesi  Tenha sempre a vaselina ao seu lado!",33,"09/22/2025 07:18",https://www.instagram.com/stories/institutolucianeprado/3727321422964482519,"Story do Instagram",,Total,861,649,5,5,1,299,3,,
18058089560576820,17841402073846050,institutolucianeprado,"Instituto Luciane Prado","Procedimento rápido e definitivo para um problema persistente! @yasminpugliesi",33,"09/19/2025 09:06",https://www.instagram.com/stories/institutolucianeprado/3725196147090801387,"Story do Instagram",,Total,395,327,3,0,0,153,,,
17909471244217594,17841402073846050,institutolucianeprado,"Instituto Luciane Prado","Esse hábito aumenta o
risco de unha encravada! ⚠️ @yasminpugliesi",18,"09/19/2025 09:00",https://www.instagram.com/stories/institutolucianeprado/3725192924011473061,"Story do Instagram",,Total,387,315,3,0,0,161,,,
18082546291936941,17841402073846050,institutolucianeprado,"Instituto Luciane Prado","@yasminpugliesi  O desconforto da unha encravada que volta sempre… Muitas vezes só a cirurgia resolve!",36,"09/19/2025 08:56",https://www.instagram.com/stories/institutolucianeprado/3725191207542869290,"Story do Instagram",,Total,436,337,4,0,0,164,,,
18079820545954047,17841402073846050,institutolucianeprado,"Instituto Luciane Prado","Cada detalhe pensado de forma especial  Tudo feito com naturalidade, respeitando as características de cada paciente. @drosternopotenciano",20,"09/19/2025 08:49",https://www.instagram.com/stories/institutolucianeprado/3725187712228030469,"Story do Instagram",,Total,277,223,3,0,0,169,,,
17881929828385660,17841402073846050,institutolucianeprado,"Instituto Luciane Prado",,0,"09/19/2025 08:44",https://www.instagram.com/stories/institutolucianeprado/3725185207574205225,"Story do Instagram",,Total,227,184,5,0,0,200,,,
18374823607183893,17841402073846050,institutolucianeprado,"Instituto Luciane Prado",,0,"09/18/2025 16:04",https://www.instagram.com/stories/institutolucianeprado/3724681577737758674,"Story do Instagram",,Total,205,174,2,0,0,188,,,
18106854289560328,17841402073846050,institutolucianeprado,"Instituto Luciane Prado","RedTouch + CO2 + DNA do salmão Tratamento que suaviza cicatrizes e acelera a recuperação da pele @danyfreitas_",25,"09/18/2025 13:32",https://www.instagram.com/stories/institutolucianeprado/3724605300738764840,"Story do Instagram",,Total,558,441,3,0,0,205,,,
17852140167542979,17841402073846050,institutolucianeprado,"Instituto Luciane Prado","Naturalidade e cuidado sem exagero ✨Botox também é pra eles!  @yasminpugliesi",16,"09/18/2025 13:26",https://www.instagram.com/stories/institutolucianeprado/3724602164766748128,"Story do Instagram",,Total,532,419,3,0,0,201,,,
17984150462894572,17841402073846050,institutolucianeprado,"Instituto Luciane Prado","Sai a seca, chegam as chuvas, mas o cuidado com a pele permanece: filtro solar todo dia! @yasminpugliesi",34,"09/18/2025 13:23",https://www.instagram.com/stories/institutolucianeprado/3724601411234862156,"Story do Instagram",,Total,617,450,5,0,0,226,,,
18085526011896958,17841402073846050,institutolucianeprado,"Instituto Luciane Prado","Estimula o crescimento, fortalece os fios e cuida do couro cabeludo. @danyfreitas_",27,"09/18/2025 07:50",https://www.instagram.com/stories/institutolucianeprado/3724432833666625132,"Story do Instagram",,Total,338,281,0,0,0,245,1,,
17937344472074362,17841402073846050,institutolucianeprado,"Instituto Luciane Prado","Você sabe para que serve o MMP Capilar? Ele vai muito além do que você imagina! @danyfreitas_",36,"09/18/2025 07:43",https://www.instagram.com/stories/institutolucianeprado/3724429729311289052,"Story do Instagram",,Total,359,299,1,0,0,259,,,
17975595590926055,17841402073846050,institutolucianeprado,"Instituto Luciane Prado","Adeus suor excessivo 👋 Botox nas axilas vai além da estética, é conforto diário!",21,"09/18/2025 07:19",https://www.instagram.com/stories/institutolucianeprado/3724417387630483885,"Story do Instagram",,Total,312,260,2,1,0,272,1,,
18077429096093468,17841402073846050,institutolucianeprado,"Instituto Luciane Prado",,60,"09/18/2025 07:16",https://www.instagram.com/stories/institutolucianeprado/3724416101824624180,"Story do Instagram",,Total,333,284,5,0,1,300,,,
18186908308324730,17841402073846050,institutolucianeprado,"Instituto Luciane Prado","Calvice nem sempre é sinônimo de transplante capilar! @danyfreitas_ @drosternopotenciano",27,"09/16/2025 12:31",https://www.instagram.com/stories/institutolucianeprado/3723124828053509711,"Story do Instagram",,Total,420,324,1,3,0,172,,,
18037762670466998,17841402073846050,institutolucianeprado,"Instituto Luciane Prado",@drosternopotenciano,40,"09/16/2025 12:08",https://www.instagram.com/stories/institutolucianeprado/3723113368745247847,"Story do Instagram",,Total,445,344,2,0,1,220,,,
18056974715544408,17841402073846050,institutolucianeprado,"Instituto Luciane Prado",,0,"09/13/2025 19:57",https://www.instagram.com/stories/institutolucianeprado/3721174774622252796,"Story do Instagram",,Total,324,279,2,0,0,286,,2,
18310355800170964,17841402073846050,institutolucianeprado,"Instituto Luciane Prado",,15,"09/13/2025 10:40",https://www.instagram.com/stories/institutolucianeprado/3720894687767200497,"Story do Instagram",,Total,356,308,4,0,0,322,1,,
18090452473816677,17841402073846050,institutolucianeprado,"Instituto Luciane Prado",,0,"09/12/2025 18:09",https://www.instagram.com/stories/institutolucianeprado/3720395758906696011,"Story do Instagram",,Total,359,292,0,0,0,315,6,,
18102330061607517,17841402073846050,institutolucianeprado,"Instituto Luciane Prado",,15,"09/12/2025 05:33",https://www.instagram.com/stories/institutolucianeprado/3720015583945705543,"Story do Instagram",,Total,230,202,1,0,0,199,2,,
18041512166394243,17841402073846050,institutolucianeprado,"Instituto Luciane Prado","Blackpeel para uma pele mais lisa, uniforme e iluminada ✨ @danyfreitas_",21,"09/11/2025 07:20",https://www.instagram.com/stories/institutolucianeprado/3719344429790679455,"Story do Instagram",,Total,359,299,1,0,0,242,,,
18127789669462269,17841402073846050,institutolucianeprado,"Instituto Luciane Prado","Cuidar da pele é essencial durante o tempo seco! @yasminpugliesi ⚠️ Hidratação e proteção redobradas!",43,"09/11/2025 06:32",https://www.instagram.com/stories/institutolucianeprado/3719320150365732468,"Story do Instagram",,Total,283,256,4,0,0,265,,,
,,,,,,,,,"An error occurred while computing metadata for content with ID 18168792736363696.",Total,530,419,5,0,0,273,1,,
18055821887166932,17841402073846050,institutolucianeprado,"Instituto Luciane Prado","@yasminpugliesi  Atenção a lesões que não cicatrizam! ⚠️ Elas podem evoluir para um câncer de pele!",50,"09/11/2025 04:40",https://www.instagram.com/stories/institutolucianeprado/3719263819411762088,"Story do Instagram",,Total,591,457,4,0,0,329,1,,
17993412383685907,17841402073846050,institutolucianeprado,"Instituto Luciane Prado",,0,"09/10/2025 15:49",https://www.instagram.com/stories/institutolucianeprado/3718875700036414634,"Story do Instagram",,Total,604,481,4,0,1,491,2,19,
18034812329704200,17841402073846050,institutolucianeprado,"Instituto Luciane Prado",,0,"09/10/2025 11:21",https://www.instagram.com/stories/institutolucianeprado/3718740770157546524,"Story do Instagram",,Total,545,457,4,0,0,474,3,2,
18164584828368886,17841402073846050,institutolucianeprado,"Instituto Luciane Prado",,15,"09/10/2025 03:35",https://www.instagram.com/stories/institutolucianeprado/3718506323067842255,"Story do Instagram",,Total,659,543,8,0,0,333,2,,
17863547364465297,17841402073846050,institutolucianeprado,"Instituto Luciane Prado","Removendo vasinhos visíveis na face ✨ Tratamento eficaz e seguro com Fotona @danyfreitas_",23,"09/09/2025 08:18",https://www.instagram.com/stories/institutolucianeprado/3717924052111732741,"Story do Instagram",,Total,277,229,0,0,1,179,,,
17946989604011459,17841402073846050,institutolucianeprado,"Instituto Luciane Prado","Tratamento que valoriza a pele de forma sutil. Melhora a textura e firmeza da pele  da região! @danyfreitas_",30,"09/09/2025 08:13",https://www.instagram.com/stories/institutolucianeprado/3717922453486311033,"Story do Instagram",,Total,280,241,1,0,0,191,,,
18038839373458893,17841402073846050,institutolucianeprado,"Instituto Luciane Prado","Clareando manchas e estimulando colágeno  RedTouch para melanose solar nas mãos @danyfreitas_",28,"09/09/2025 08:07",https://www.instagram.com/stories/institutolucianeprado/3717918451918997804,"Story do Instagram",,Total,298,250,0,0,0,202,,,
18073017352882542,17841402073846050,institutolucianeprado,"Instituto Luciane Prado","@danyfreitas_  Fortalece os fios e melhora vascularização da região Aplicação do RedTouch no couro cabeludo @danyfreitas_",35,"09/09/2025 06:49",https://www.instagram.com/stories/institutolucianeprado/3717879455922835724,"Story do Instagram",,Total,606,489,2,0,0,231,,,
17845686612546203,17841402073846050,institutolucianeprado,"Instituto Luciane Prado","Novidade para o tratamento do couro cabeludo ✨ Estímulo e crescimento do folículo capilar @danyfreitas_",14,"09/09/2025 06:44",https://www.instagram.com/stories/institutolucianeprado/3717876978255158460,"Story do Instagram",,Total,385,303,4,0,0,233,1,,
18327282547208569,17841402073846050,institutolucianeprado,"Instituto Luciane Prado",,0,"09/06/2025 04:57",https://www.instagram.com/stories/institutolucianeprado/3715648472288885595,"Story do Instagram",,Total,235,197,1,0,0,206,2,,
18077936545959495,17841402073846050,institutolucianeprado,"Instituto Luciane Prado","CO₂ + Virtue rejuvenescem e transformam a pele ✨ @yasminpugliesi  Melhoramos os pontos que incomodavam @yasminpugliesi  @yasminpugliesi",34,"09/04/2025 12:23",https://www.instagram.com/stories/institutolucianeprado/3714423420185818271,"Story do Instagram",,Total,323,281,4,0,1,260,1,,
18090029530814298,17841402073846050,institutolucianeprado,"Instituto Luciane Prado","Resultado fantástico após 45 dias Protocolo para a mãe do noivo  @yasminpugliesi",13,"09/04/2025 11:18",https://www.instagram.com/stories/institutolucianeprado/3714391398477264537,"Story do Instagram",,Total,336,296,2,0,0,258,,,
18381754882125455,17841402073846050,institutolucianeprado,"Instituto Luciane Prado","Cicatriz ou vermelhidão que incomoda? O CO2 e o RedTouch podem ajudar no tratamento! @yasminpugliesi",33,"09/04/2025 10:10",https://www.instagram.com/stories/institutolucianeprado/3714356641093652170,"Story do Instagram",,Total,356,320,3,0,0,323,,,
18544360006032611,17841402073846050,institutolucianeprado,"Instituto Luciane Prado","O CO₂ promove renovação da pele, enquanto o RedTouch estimula colágeno em profundidade. ✨ Tratando cicatriz com tecnologia @yasminpugliesi",15,"09/04/2025 10:09",https://www.instagram.com/stories/institutolucianeprado/3714356006428360207,"Story do Instagram",,Total,640,543,4,0,0,289,,,
17908332477213421,17841402073846050,institutolucianeprado,"Instituto Luciane Prado","Avaliando a entrega de resultados das novas tecnologias  Aprimorando cada vez mais nossas técnicas @yasminpugliesi",23,"09/04/2025 10:00",https://www.instagram.com/stories/institutolucianeprado/3714351808492099193,"Story do Instagram",,Total,700,576,4,0,0,315,1,,
18521693899014120,17841402073846050,institutolucianeprado,"Instituto Luciane Prado",,15,"09/04/2025 07:17",https://www.instagram.com/stories/institutolucianeprado/3714269452024436257,"Story do Instagram",,Total,437,361,6,0,2,357,,8,
17935174428081865,17841402073846050,institutolucianeprado,"Instituto Luciane Prado","Avaliação precoce faz toda diferença! ⚠️ Ferida que não cicatrizava foi identificada como câncer",38,"09/03/2025 10:37",https://www.instagram.com/stories/institutolucianeprado/3713645609400419540,"Story do Instagram",,Total,677,516,3,1,1,237,2,,1
18031496399706573,17841402073846050,institutolucianeprado,"Instituto Luciane Prado","Unha encravada que sempre volta? A solução pode estar no procedimento cirúrgico. @yasminpugliesi",48,"09/03/2025 10:27",https://www.instagram.com/stories/institutolucianeprado/3713640254213741893,"Story do Instagram",,Total,685,539,1,1,0,249,,,
18045967985329781,17841402073846050,institutolucianeprado,"Instituto Luciane Prado","Qual é o mais indicado para proteger a pele ? ☀️ Protetor solar: com ou sem cor? @yasminpugliesi",60,"09/03/2025 10:15",https://www.instagram.com/stories/institutolucianeprado/3713634428895912434,"Story do Instagram",,Total,731,557,3,0,1,253,1,,1
18093408802736934,17841402073846050,institutolucianeprado,"Instituto Luciane Prado",,0,"09/03/2025 04:37",https://www.instagram.com/stories/institutolucianeprado/3713464388322097350,"Story do Instagram",,Total,269,238,2,0,0,241,1,,
17858648544496562,17841402073846050,institutolucianeprado,"Instituto Luciane Prado","✨ Cabelo forte, autoestima renovada! Estimula o crescimento e recupera a densidade dos fios.  @danyfreitas_",22,"09/02/2025 11:05",https://www.instagram.com/stories/institutolucianeprado/3712934933291875402,"Story do Instagram",,Total,424,352,2,1,0,318,2,,
